{
  "x": -7.57,
  "y": 13.21,
  "z": 0.9952315084437849,
  "w": 0.09754098933632226
}
