{
    "initial": {
        "sequence": 0,
        "covariance": [
            0.25,
            0.0,
            0.0,
            0.0,
            0.0,
            0.0,
            0.0,
            0.25,
            0.0,
            0.0,
            0.0,
            0.0,
            0.0,
            0.0,
            0.0,
            0.0,
            0.0,
            0.0,
            0.0,
            0.0,
            0.0,
            0.0,
            0.0,
            0.0,
            0.0,
            0.0,
            0.0,
            0.0,
            0.0,
            0.0,
            0.0,
            0.0,
            0.0,
            0.0,
            0.0,
            0.06853891945200942
        ],
        "w": 0.0,
        "y": 21.222074508666992,
        "x": 18.087757110595703,
        "z": 0.0
    },
    "step0": {
        "sequence": 1,
        "w": 0.0,
        "y": 21.222074508666992,
        "x": 18.087757110595703,
        "z": 0.0
    },
    "step1": {
        "sequence": 2,
        "w": 0.0,
        "y": 18.228958129882812,
        "x": 17.41612434387207,
        "z": 0.0
    },
    "step2": {
        "sequence": 3,
        "w": 0.0,
        "y": 9.369136810302734,
        "x": 15.933267593383789,
        "z": 0.0
    },
    "step3": {
        "sequence": 4,
        "w": 0.0,
        "y": -0.09062385559082031,
        "x": 14.019601821899414,
        "z": 0.0
    },
    "step4": {
        "sequence": 5,
        "w": 0.0,
        "y": -7.9110307693481445,
        "x": 12.975473403930664,
        "z": 0.0
    },
    "step5": {
        "sequence": 6,
        "w": 0.0,
        "y": -16.961645126342773,
        "x": 11.208601951599121,
        "z": 0.0
    },
    "step6": {
        "sequence": 7,
        "w": 0.0,
        "y": -19.400238037109375,
        "x": 8.770400047302246,
        "z": 0.0
    },
    "step7": {
        "sequence": 8,
        "w": 0.0,
        "y": -19.418624877929688,
        "x": 5.286102294921875,
        "z": 0.0
    },
    "step8": {
        "sequence": 9,
        "w": 0.0,
        "y": -17.987640380859375,
        "x": -2.545551300048828,
        "z": 0.0
    },
    "step9": {
        "sequence": 10,
        "w": 0.0,
        "y": -16.79481315612793,
        "x": -11.69365119934082,
        "z": 0.0
    },
    "step10": {
        "sequence": 11,
        "w": 0.0,
        "y": -14.95976734161377,
        "x": -19.063053131103516,
        "z": 0.0
    },
    "step11": {
        "sequence": 12,
        "w": 0.0,
        "y": -7.013638496398926,
        "x": -17.782501220703125,
        "z": 0.0
    },
    "step12": {
        "sequence": 13,
        "w": 0.0,
        "y": -0.8747329711914062,
        "x": -16.704227447509766,
        "z": 0.0
    },
    "step13": {
        "sequence": 14,
        "w": 0.0,
        "y": 4.971218109130859,
        "x": -15.578118324279785,
        "z": 0.0
    },
    "step14": {
        "sequence": 15,
        "w": 0.0,
        "y": 13.761570930480957,
        "x": -13.806829452514648,
        "z": 0.0
    },
    "step15": {
        "sequence": 16,
        "w": 0.0,
        "y": 13.117046356201172,
        "x": -5.501293182373047,
        "z": 0.0
    },
    "step16": {
        "sequence": 17,
        "w": 0.0,
        "y": 12.350018501281738,
        "x": -0.2621192932128906,
        "z": 0.0
    },
    "step17": {
        "sequence": 18,
        "w": 0.0,
        "y": 10.762511253356934,
        "x": 7.62614631652832,
        "z": 0.0
    },
    "dock_approach": {
        "sequence": 98,
        "w": 0.038713617123193524,
        "y": 13.14954141628799,
        "x": -5.920034237286408,
        "z": 0.9992503469347602
    },
    "pre_dock": {
        "sequence": 99,
        "w": 0.038713617123193524,
        "y": 13.180489092561151,
        "x": -6.3188352419657985,
        "z": 0.9992503469347602
    },
    "ending": {
        "sequence": 19,
        "w": 0.0,
        "y": -21.23345184326172,
        "x": 6.513256072998047,
        "z": 0.0
    }
}
